 Index,           1 ,           2 ,
           1 ,   0.0000000000000000      ,   5.2347507620771651E-002 ,
           2 ,   0.0000000000000000      ,   0.0000000000000000      ,
