 Index,           1 ,           2 ,
           1 ,   0.0000000000000000      ,   5.2468271857312510E-002 ,
           2 ,   4.6294409906555423E-004 ,   0.0000000000000000      ,
